threads,single_size(B),total_size(B),access_times,throughput(GBps),elapsed_time
1,536870912,-2147483648,16,0.380952,21
1,536870912,-2147483648,15,0.375000,20
1,536870912,-2147483648,16,0.380952,21
