threads,single_size(B),total_size(B),access_times,throughput(GBps),elapsed_time
1,1073741824,10737418240,7,0.318182,22
1,1073741824,10737418240,5,0.250000,20
1,1073741824,10737418240,6,0.300000,20
1,1073741824,10737418240,7,0.350000,20
1,1073741824,10737418240,7,0.350000,20
