threads,single_size(B),total_size(B),access_times,throughput(GBps),elapsed_time
1,1073741824,-2147483648,8,0.380952,21
1,1073741824,-2147483648,8,0.380952,21
1,1073741824,-2147483648,8,0.380952,21
1,1073741824,-2147483648,8,0.363636,22
1,1073741824,-2147483648,8,0.380952,21
